Model,Average Fit Time (seconds),Train F1 score (cv),Test F1 score (cv),Test F1 score,Train Accuracy score (cv),Test Accuracy score (cv),Test Accuracy score,PR AUC score,ROC AUC score,True Positives,False Positives,True Negatives,False Negatives
LogisticRegression with SMOTE on train (RandomizedSearchCV),0.7146973609924316,0.8465928629060449,0.8450333205210973,0.5873846920967339,0.8875355299096925,0.8863533585827327,0.8640098603122432,0.6658175572987417,0.8620374777831946,1178,1485,9337,170
KNN with SMOTE on train (GridSearchCV),0.017383384704589843,0.9335434365263552,0.8768492575545206,0.5303668069753458,0.9534840464720974,0.9116965409979041,0.8716516023007396,0.5692492521669075,0.7765137452173202,882,1096,9726,466
DecisionTree with SMOTE on train (GridSearchCV),0.10144262313842774,0.8775799775727746,0.8646177110428651,0.6157728706624606,0.9174747001297664,0.9088808572845288,0.8999178307313065,0.6270820079471779,0.7980582882325101,976,846,9976,372
SVC with SMOTE on train (GridSearchCV),609.6910942077636,0.9914250302478758,0.9204929723965372,0.3583868010999084,0.9942552380317238,0.9464972845345146,0.8849630238290879,0.3883420215615049,0.5955210207583519,391,443,10379,957
